{"cameraMode":{"drawMode":0,"name":"Shaded","section":"Shading Mode"},"sceneLighting":false,"audioPlay":false,"sceneViewState":{"showFog":false,"showMaterialUpdate":false,"showSkybox":false,"showFlares":false,"showImageEffects":false,"showParticleSystems":true},"in2DMode":false,"pivot":{"x":0.051926374435424808,"y":0.07815408706665039,"z":0.020460844039916993},"rotation":{"x":-0.13378411531448365,"y":0.19253838062286378,"z":-0.02650628611445427,"w":-0.9717740416526794},"size":5.141970157623291,"orthographic":false}