{"cameraMode":{"drawMode":0,"name":"Shaded","section":"Shading Mode"},"sceneLighting":false,"audioPlay":false,"sceneViewState":{"showFog":false,"showMaterialUpdate":false,"showSkybox":false,"showFlares":false,"showImageEffects":false,"showParticleSystems":true},"in2DMode":false,"pivot":{"x":0.03411531448364258,"y":-0.01377260684967041,"z":-0.11796069145202637},"rotation":{"x":-0.13378411531448365,"y":0.19253838062286378,"z":-0.02650628611445427,"w":-0.9717740416526794},"size":7.243072032928467,"orthographic":false}