{"cameraMode":{"drawMode":0,"name":"Shaded","section":"Shading Mode"},"sceneLighting":false,"audioPlay":false,"sceneViewState":{"showFog":false,"showMaterialUpdate":false,"showSkybox":false,"showFlares":false,"showImageEffects":false,"showParticleSystems":true},"in2DMode":false,"pivot":{"x":-4.698901653289795,"y":7.7891693115234379,"z":-1.951350212097168},"rotation":{"x":0.08536600321531296,"y":-0.026298580691218377,"z":0.0022539105266332628,"w":0.9960013031959534},"size":18.810924530029298,"orthographic":true}