{"cameraMode":{"drawMode":0,"name":"Shaded","section":"Shading Mode"},"sceneLighting":false,"audioPlay":false,"sceneViewState":{"showFog":false,"showMaterialUpdate":false,"showSkybox":false,"showFlares":false,"showImageEffects":false,"showParticleSystems":true},"in2DMode":false,"pivot":{"x":0.4798412322998047,"y":1.468374490737915,"z":0.7791786193847656},"rotation":{"x":-0.1110956221818924,"y":0.3461645841598511,"z":-0.04132181033492088,"w":-0.9306647777557373},"size":4.537905693054199,"orthographic":false}