{"cameraMode":{"drawMode":0,"name":"Shaded","section":"Shading Mode"},"sceneLighting":false,"audioPlay":false,"sceneViewState":{"showFog":false,"showMaterialUpdate":false,"showSkybox":false,"showFlares":false,"showImageEffects":false,"showParticleSystems":true},"in2DMode":false,"pivot":{"x":0.013462305068969727,"y":0.07260515540838242,"z":0.010871648788452149},"rotation":{"x":-0.13378411531448365,"y":0.19253838062286378,"z":-0.02650628611445427,"w":-0.9717740416526794},"size":6.112537384033203,"orthographic":false}