{"cameraMode":{"drawMode":0,"name":"Shaded","section":"Shading Mode"},"sceneLighting":false,"audioPlay":false,"sceneViewState":{"showFog":false,"showMaterialUpdate":false,"showSkybox":false,"showFlares":false,"showImageEffects":false,"showParticleSystems":true},"in2DMode":false,"pivot":{"x":-4.486323833465576,"y":0.24269676208496095,"z":-3.6749439239501955},"rotation":{"x":0.5121888518333435,"y":0.14787213504314423,"z":-0.09003130346536637,"w":0.8412458300590515},"size":15.541285514831543,"orthographic":false}