{"cameraMode":{"drawMode":0,"name":"Shaded","section":"Shading Mode"},"sceneLighting":false,"audioPlay":false,"sceneViewState":{"showFog":false,"showMaterialUpdate":false,"showSkybox":false,"showFlares":false,"showImageEffects":false,"showParticleSystems":true},"in2DMode":false,"pivot":{"x":-0.6376891136169434,"y":1.3612816333770753,"z":-0.8089346885681152},"rotation":{"x":-0.0281204991042614,"y":0.9219435453414917,"z":-0.06817153096199036,"w":-0.38026151061058047},"size":6.379692077636719,"orthographic":false}