{"cameraMode":{"drawMode":0,"name":"Shaded","section":"Shading Mode"},"sceneLighting":false,"audioPlay":false,"sceneViewState":{"showFog":false,"showMaterialUpdate":false,"showSkybox":false,"showFlares":false,"showImageEffects":false,"showParticleSystems":true},"in2DMode":false,"pivot":{"x":0.1392521858215332,"y":0.9327534437179565,"z":-0.09531041979789734},"rotation":{"x":0.06990403681993485,"y":0.12298129498958588,"z":-0.008684605360031128,"w":0.9899060130119324},"size":2.5572445392608644,"orthographic":true}