{"cameraMode":{"drawMode":0,"name":"Shaded","section":"Shading Mode"},"sceneLighting":false,"audioPlay":false,"sceneViewState":{"showFog":false,"showMaterialUpdate":false,"showSkybox":false,"showFlares":false,"showImageEffects":false,"showParticleSystems":true},"in2DMode":false,"pivot":{"x":0.03395247459411621,"y":1.33879554271698,"z":-0.0022066831588745119},"rotation":{"x":-0.13378411531448365,"y":0.19253838062286378,"z":-0.02650628611445427,"w":-0.9717740416526794},"size":7.030653953552246,"orthographic":false}