{"cameraMode":{"drawMode":0,"name":"Shaded","section":"Shading Mode"},"sceneLighting":true,"audioPlay":false,"sceneViewState":{"showFog":false,"showMaterialUpdate":false,"showSkybox":false,"showFlares":false,"showImageEffects":false,"showParticleSystems":true},"in2DMode":false,"pivot":{"x":294.5000305175781,"y":24.53009033203125,"z":0.0},"rotation":{"x":0.13257242739200593,"y":0.08848514407873154,"z":-0.011882991530001164,"w":0.9871463179588318},"size":509.5628967285156,"orthographic":false}