{"cameraMode":{"drawMode":0,"name":"Shaded","section":"Shading Mode"},"sceneLighting":false,"audioPlay":false,"sceneViewState":{"showFog":false,"showMaterialUpdate":false,"showSkybox":false,"showFlares":false,"showImageEffects":false,"showParticleSystems":true},"in2DMode":false,"pivot":{"x":0.009032726287841797,"y":0.009397938847541809,"z":-0.03030720353126526},"rotation":{"x":-0.13378411531448365,"y":0.19253838062286378,"z":-0.02650628611445427,"w":-0.9717740416526794},"size":1.6476173400878907,"orthographic":false}