{"cameraMode":{"drawMode":0,"name":"Shaded","section":"Shading Mode"},"sceneLighting":false,"audioPlay":false,"sceneViewState":{"showFog":false,"showMaterialUpdate":false,"showSkybox":false,"showFlares":false,"showImageEffects":false,"showParticleSystems":true},"in2DMode":false,"pivot":{"x":88.87814331054688,"y":22.66881561279297,"z":53.2059211730957},"rotation":{"x":0.0011102432617917657,"y":0.998094379901886,"z":-0.018864069133996965,"w":0.05875195190310478},"size":2.1795835494995119,"orthographic":false}