{"cameraMode":{"drawMode":0,"name":"Shaded","section":"Shading Mode"},"sceneLighting":false,"audioPlay":false,"sceneViewState":{"showFog":false,"showMaterialUpdate":false,"showSkybox":false,"showFlares":false,"showImageEffects":false,"showParticleSystems":true},"in2DMode":false,"pivot":{"x":0.42188262939453127,"y":1.6330962181091309,"z":2.7850241661071779},"rotation":{"x":-0.11960817873477936,"y":0.5948964953422546,"z":-0.09009814262390137,"w":-0.7897405624389648},"size":8.197678565979004,"orthographic":false}