{"cameraMode":{"drawMode":0,"name":"Shaded","section":"Shading Mode"},"sceneLighting":false,"audioPlay":false,"sceneViewState":{"showFog":false,"showMaterialUpdate":false,"showSkybox":false,"showFlares":false,"showImageEffects":false,"showParticleSystems":true},"in2DMode":false,"pivot":{"x":77.0999755859375,"y":34.253822326660159,"z":126.7412109375},"rotation":{"x":0.10577244311571121,"y":-0.24987086653709413,"z":0.027470577508211137,"w":0.962093710899353},"size":3.4238409996032717,"orthographic":false}