{"cameraMode":{"drawMode":0,"name":"Shaded","section":"Shading Mode"},"sceneLighting":false,"audioPlay":false,"sceneViewState":{"showFog":false,"showMaterialUpdate":false,"showSkybox":false,"showFlares":false,"showImageEffects":false,"showParticleSystems":true},"in2DMode":false,"pivot":{"x":-2.5058393478393556,"y":3.654634475708008,"z":1.0799293518066407},"rotation":{"x":-0.3909966051578522,"y":0.2611505091190338,"z":-0.11672171950340271,"w":-0.8748233318328857},"size":14.130016326904297,"orthographic":false}