{"cameraMode":{"drawMode":0,"name":"Shaded","section":"Shading Mode"},"sceneLighting":false,"audioPlay":false,"sceneViewState":{"showFog":false,"showMaterialUpdate":false,"showSkybox":false,"showFlares":false,"showImageEffects":false,"showParticleSystems":true},"in2DMode":false,"pivot":{"x":-0.7420594692230225,"y":1.703505516052246,"z":0.2178020477294922},"rotation":{"x":-0.14083819091320039,"y":0.006531847175210714,"z":-0.0009287633001804352,"w":-0.9900192618370056},"size":8.36380672454834,"orthographic":false}